chiSoCu,chiSoMoi,expected
1000,1030,48.972
0,30,48.972
1000,1000,0.00
1000,1050,81.620
1000,1051,83.306
1000,1100,165.935
1000,1101,167.89960
1000,1200,362.395
1000,1201,364.86120
1000,1300,609.015
1000,1301,611.7683
1000,1400,884.345
1000,1401,887.19070